<?xml version="1.0" encoding="UTF-8" ?>
<XMLDB PATH="local/course_batches/db" VERSION="20250925" COMMENT="XMLDB file for Moodle local/course_batches"
    xmlns:xsi="http://www.w3.org/2001/XMLSchema-instance"
    xsi:noNamespaceSchemaLocation="../../../lib/xmldb/xmldb.xsd"
>
  <TABLES>
    <TABLE NAME="local_course_batches" COMMENT="Stores course batch information (Khóa học)">
      <FIELDS>
        <FIELD NAME="id" TYPE="int" LENGTH="10" NOTNULL="true" SEQUENCE="true"/>
        <FIELD NAME="batch_name" TYPE="char" LENGTH="255" NOTNULL="true" SEQUENCE="false" COMMENT="Tên khóa học"/>
        <FIELD NAME="start_date" TYPE="int" LENGTH="10" NOTNULL="true" SEQUENCE="false" COMMENT="Ngày bắt đầu khóa học (timestamp)"/>
        <FIELD NAME="end_date" TYPE="int" LENGTH="10" NOTNULL="true" SEQUENCE="false" COMMENT="Ngày kết thúc khóa học (timestamp)"/>
        <FIELD NAME="created_date" TYPE="int" LENGTH="10" NOTNULL="true" SEQUENCE="false" COMMENT="Ngày tạo (timestamp)"/>
        <FIELD NAME="description" TYPE="text" NOTNULL="false" SEQUENCE="false" COMMENT="Mô tả khóa học"/>
        <FIELD NAME="status" TYPE="int" LENGTH="1" NOTNULL="true" DEFAULT="1" SEQUENCE="false" COMMENT="Trạng thái khóa học (1=active, 0=inactive)"/>
      </FIELDS>
      <KEYS>
        <KEY NAME="primary" TYPE="primary" FIELDS="id"/>
      </KEYS>
      <INDEXES>
        <INDEX NAME="start_date_idx" UNIQUE="false" FIELDS="start_date"/>
        <INDEX NAME="end_date_idx" UNIQUE="false" FIELDS="end_date"/>
        <INDEX NAME="status_idx" UNIQUE="false" FIELDS="status"/>
      </INDEXES>
    </TABLE>
    <TABLE NAME="local_course_subjects" COMMENT="Stores subject information imported from Moodle courses (Môn học)">
      <FIELDS>
        <FIELD NAME="id" TYPE="int" LENGTH="10" NOTNULL="true" SEQUENCE="true"/>
        <FIELD NAME="moodle_course_id" TYPE="int" LENGTH="10" NOTNULL="true" SEQUENCE="false" COMMENT="ID của khóa học Moodle gốc"/>
        <FIELD NAME="subject_name" TYPE="char" LENGTH="255" NOTNULL="true" SEQUENCE="false" COMMENT="Tên môn học"/>
        <FIELD NAME="subject_code" TYPE="char" LENGTH="100" NOTNULL="true" SEQUENCE="false" COMMENT="Mã môn học"/>
        <FIELD NAME="start_date" TYPE="int" LENGTH="10" NOTNULL="true" SEQUENCE="false" COMMENT="Ngày bắt đầu môn học (timestamp)"/>
        <FIELD NAME="end_date" TYPE="int" LENGTH="10" NOTNULL="false" SEQUENCE="false" COMMENT="Ngày kết thúc môn học (timestamp)"/>
        <FIELD NAME="category_name" TYPE="char" LENGTH="255" NOTNULL="false" SEQUENCE="false" COMMENT="Tên danh mục"/>
        <FIELD NAME="summary" TYPE="text" NOTNULL="false" SEQUENCE="false" COMMENT="Mô tả môn học"/>
        <FIELD NAME="visible" TYPE="int" LENGTH="1" NOTNULL="true" DEFAULT="1" SEQUENCE="false" COMMENT="Trạng thái hiển thị"/>
        <FIELD NAME="enrolled_users" TYPE="int" LENGTH="10" NOTNULL="true" DEFAULT="0" SEQUENCE="false" COMMENT="Số học viên đăng ký"/>
        <FIELD NAME="total_activities" TYPE="int" LENGTH="10" NOTNULL="true" DEFAULT="0" SEQUENCE="false" COMMENT="Tổng số hoạt động"/>
        <FIELD NAME="imported_date" TYPE="int" LENGTH="10" NOTNULL="true" SEQUENCE="false" COMMENT="Ngày import dữ liệu"/>
        <FIELD NAME="last_updated" TYPE="int" LENGTH="10" NOTNULL="true" SEQUENCE="false" COMMENT="Lần cập nhật cuối"/>
      </FIELDS>
      <KEYS>
        <KEY NAME="primary" TYPE="primary" FIELDS="id"/>
        <KEY NAME="moodle_course_id" TYPE="foreign" FIELDS="moodle_course_id" REFTABLE="course" REFFIELDS="id"/>
      </KEYS>
      <INDEXES>
        <INDEX NAME="subject_code_idx" UNIQUE="true" FIELDS="subject_code"/>
        <INDEX NAME="start_date_idx" UNIQUE="false" FIELDS="start_date"/>
        <INDEX NAME="end_date_idx" UNIQUE="false" FIELDS="end_date"/>
        <INDEX NAME="visible_idx" UNIQUE="false" FIELDS="visible"/>
        <INDEX NAME="moodle_course_id_idx" UNIQUE="true" FIELDS="moodle_course_id"/>
      </INDEXES>
    </TABLE>
    <TABLE NAME="local_batch_subjects" COMMENT="Links subjects to course batches (Liên kết môn học với khóa học)">
      <FIELDS>
        <FIELD NAME="id" TYPE="int" LENGTH="10" NOTNULL="true" SEQUENCE="true"/>
        <FIELD NAME="batch_id" TYPE="int" LENGTH="10" NOTNULL="true" SEQUENCE="false" COMMENT="ID của khóa học"/>
        <FIELD NAME="subject_id" TYPE="int" LENGTH="10" NOTNULL="true" SEQUENCE="false" COMMENT="ID của môn học"/>
        <FIELD NAME="assigned_date" TYPE="int" LENGTH="10" NOTNULL="true" SEQUENCE="false" COMMENT="Ngày gán môn học vào khóa"/>
        <FIELD NAME="assignment_type" TYPE="char" LENGTH="20" NOTNULL="true" DEFAULT="auto" SEQUENCE="false" COMMENT="Loại gán (auto/manual)"/>
      </FIELDS>
      <KEYS>
        <KEY NAME="primary" TYPE="primary" FIELDS="id"/>
        <KEY NAME="batch_id" TYPE="foreign" FIELDS="batch_id" REFTABLE="local_course_batches" REFFIELDS="id"/>
        <KEY NAME="subject_id" TYPE="foreign" FIELDS="subject_id" REFTABLE="local_course_subjects" REFFIELDS="id"/>
      </KEYS>
      <INDEXES>
        <INDEX NAME="batch_subject_unique" UNIQUE="true" FIELDS="batch_id,subject_id"/>
        <INDEX NAME="assignment_type_idx" UNIQUE="false" FIELDS="assignment_type"/>
      </INDEXES>
    </TABLE>
  </TABLES>
</XMLDB>